{
  "DATANFTFT-e936d4-01": { "EGLD": 0.18104128000000003 },
  "DATANFTFT-e936d4-02": {
    "EGLD": 0.17504000000000006,
    "PADAWAN-a17f58": 27.3
  },
  "DATANFTFT-e936d4-03": { "EGLD": 0.11619999999999998 },
  "DATANFTFT-e936d4-04": { "EGLD": 0.11249999999999999 }
}
